Designator,Quantity,Value,Footprint,Assembly note
"C_ALS1,C_AUD1,C_MCU1,C_RTC,C10",5,"100nF","Capacitor_SMD:C_0603_1608Metric",""
"C_AUD2,C_MCU2,C5",3,"10uF","Capacitor_SMD:C_0805_2012Metric",""
"C_EN",1,"1uF","Capacitor_SMD:C_0603_1608Metric",""
"C_SNZ",1,"10nF","Capacitor_SMD:C_0603_1608Metric","Snooze hardware debounce / EMI filter; populated in Rev A"
"C_IN",1,"1uF/10V","Capacitor_SMD:C_0603_1608Metric","Local BQ24074 IN bypass; place close to U2 IN/GND"
"C_EPDIN,C_PUMP",2,"4.7uF/50V","Capacitor_SMD:C_0805_2012Metric","GDEY037T03-FL21 reference requires X5R/X7R and >=25V; proposed Samsung CL21A475KBQNNNE is 4.7uF 50V X5R"
"C_MCU3",1,"100uF low-ESR","Capacitor_SMD:C_1210_3225Metric",""
"C_PREVGH,C_PREVGL,C_VCOM,C_VDD,C_VSH1,C_VSH2,C_VSL",7,"1uF/50V","Capacitor_SMD:C_0603_1608Metric","GDEY037T03-FL21 reference requires X5R/X7R and >=25V; proposed Samsung CL10B105KB8NQNC is 1uF 50V X7R"
"C1",1,"1uF/10V","Capacitor_SMD:C_0603_1608Metric",""
"C2",1,"4.7uF SYS","Capacitor_SMD:C_0805_2012Metric",""
"C3",1,"4.7uF BAT","Capacitor_SMD:C_0805_2012Metric",""
"C4",1,"4.7uF","Capacitor_SMD:C_0805_2012Metric",""
"D1,D2,D3",3,"MBR0530","Diode_SMD:D_SOD-123",""
"J1",1,"USB-C","ENKU_Clock:HRO-TYPE-C-31-M-12","HRO TYPE-C-31-M-12 or footprint-compatible approved equivalent"
"J2",1,"BATTERY","Connector_JST:JST_PH_S3B-PH-K_1x03_P2.00mm_Horizontal","3-wire 1S Li-ion/LiPo pack required; TEMP must be 10k NTC to PACK-/GND"
"J3",1,"SM05B-GHS-TB / ENCODER","Connector_JST:JST_GH_SM05B-GHS-TB_1x05-1MP_P1.25mm_Horizontal",""
"J4",1,"SM03B-GHS-TB / SNOOZE","Connector_JST:JST_GH_SM03B-GHS-TB_1x03-1MP_P1.25mm_Horizontal",""
"J5",1,"Molex 54550-2472 / GDEY037T03-FL21","ENKU_Clock:Molex_54550_24P_0.5mm","Molex 54550-2472, 24-pin 0.5mm FPC"
"J6",1,"Molex 54550-0672 / FL21 frontlight","ENKU_Clock:Molex_54550_6P_0.5mm","Molex 54550-0672, 6-pin 0.5mm FPC; FL21 pins 1-2 LED+, 3-4 NC, 5-6 LED-"
"J7",1,"SPEAKER","Connector_JST:JST_PH_S2B-PH-K_1x02_P2.00mm_Horizontal",""
"J8",1,"SM02B-GHS-TB / WAKE_LED","Connector_JST:JST_GH_SM02B-GHS-TB_1x02-1MP_P1.25mm_Horizontal",""
"L_EPD",1,"74438335100 10uH","ENKU_Clock:WE-MAPI_3015_74438335100","Locked prototype MPN: Wurth 74438335100; 3.0x3.0x1.5mm, 1.25A rated, 2A Isat; land pattern matched to manufacturer recommendation"
"L1",1,"2.2uH","Inductor_SMD:L_3.2x2.5mm_H1.2mm","Preferred prototype MPN: Delta/Cyntec VCTA32251B-2R2MS6"
"Q_EPD",1,"SI1308EDL-T1-GE3","Package_TO_SOT_SMD:SOT-323_SC-70",""
"Q_FL",1,"AO3400A / FRONTLIGHT","Package_TO_SOT_SMD:SOT-23",""
"Q2",1,"AO3400A / WAKE","Package_TO_SOT_SMD:SOT-23",""
"R_BOOT,R_CHG_PU,R_EN,R_ENCA,R_ENCB,R_ENCSW,R_INT,R_PG_PU,R_SNZ,R_VBACKUP",10,"10k","Resistor_SMD:R_0603_1608Metric","R_ENCA/R_ENCB/R_ENCSW/R_SNZ are external pull-ups for remote mechanical controls"
"R_SCL,R_SDA",2,"4.7k","Resistor_SMD:R_0603_1608Metric","I2C pull-ups; aligned with VEML7700 application guidance"
"R_FGATE,R_GATE",2,"47R","Resistor_SMD:R_0603_1608Metric",""
"R_FLIM",1,"10R / tune","Resistor_SMD:R_0603_1608Metric","Rev A optical/current-limit starting value; confirm 10R before assembly"
"R_FPD,R_GPD",2,"100k","Resistor_SMD:R_0603_1608Metric",""
"R_GDR",1,"10k 1%","Resistor_SMD:R_0603_1608Metric","EPD GDR gate pull-down; reference booster value"
"R10",1,"1M 1%","Resistor_SMD:R_0603_1608Metric","Battery ADC upper divider resistor"
"R_ILIM",1,"1.18k","Resistor_SMD:R_0603_1608Metric","BQ24074 input current-limit programming resistor"
"R_ISET",1,"1.13k","Resistor_SMD:R_0603_1608Metric",""
"R_RESE",1,"0.47R 1%","Resistor_SMD:R_0805_2012Metric",""
"R_SD",1,"2.2k","Resistor_SMD:R_0603_1608Metric",""
"R_TMR",1,"68k","Resistor_SMD:R_0603_1608Metric","BQ24074 safety timer ~9.1h typical; margin for ~3Ah battery in USB500 mode"
"R_USB_DM,R_USB_DP",2,"22R","Resistor_SMD:R_0603_1608Metric",""
"R_VSET",1,"267k 1%","Resistor_SMD:R_0603_1608Metric",""
"R1",1,"5.1k CC1","Resistor_SMD:R_0603_1608Metric",""
"R2",1,"5.1k CC2","Resistor_SMD:R_0603_1608Metric",""
"R11",1,"330k 1%","Resistor_SMD:R_0603_1608Metric",""
"U1",1,"ESP32-S3-WROOM-1-N8","ENKU_Clock:ESP32-S3-WROOM-1_ENKU",""
"U2",1,"BQ24074RGTR","ENKU_Clock:BQ24074_RGT",""
"U3",1,"TPS62840DLCR","ENKU_Clock:TPS62840_DLC0008B",""
"U4",1,"RV-3028-C7 TA QC","ENKU_Clock:RV-3028-C7","Micro Crystal commercial grade, -40 to +85C"
"U5",1,"VEML7700","ENKU_Clock:VEML7700",""
"U6",1,"MAX98357AETE+T","ENKU_Clock:MAX98357A_ETE_TQFN16","EP tied to GND copper and adjacent through-via outside thermal pad; no via-in-pad process required"
"U7",1,"USBLC6-2SC6","Package_TO_SOT_SMD:SOT-23-6",""
